name|description|price|category
Table Lamp, Smart Led Desk Lamp|Works with Alexa Google Home, Color Changing Nightstand Lamp Night Light RGB Warm White, Dimmable Touch Bedside Lamps with App/Voice/Touch Control for Bedroom Living Room|59.99|0
New Kasa Smart Bulb|Dimmable 16 million colors and warm to cool whites(2500K-6500K), E26 A19 base. Explore endless lighting possibilities to create your favorite light effects for every scene you need. The Kasa app contains not only all the feature you expect from TP-Link Kasa family, but also guidance for you through each step of the installation to connect your smart bulb with your home Wi-Fi, Alexa or Google assistant.|14.99|0
LED Lights Strip for Bedroom|mart WiFi LED Light Compatible with Alexa and GoogleAssistant, Tuya Solution, Music Sync RGB Lights|39.99|0
LE Lampux WiFi Smart Light Bulb|A19 E26 Dimmable WiFi LED Light Bulb Compatible with Alexa, Google Assistant, Timer, Soft Warm White, 9W 806lm 60W Equivalent Smart Bulb, No Hub Required, Only Support 2.4Ghz Wifi,4 Packs|36.99|0
All-new Echo Show 10 (3rd Gen)|Designed to move with you. Move around the room during video calls or while watching a TV show and the brilliant 10.1” HD screen will automatically turn to face you. You can stay focused on who you’re talking to or what you’re watching|329.99|2
Emerson Sensi Touch Wi-Fi Thermostat with Touchscreen Color Display for Smart Home, ST75|The Sensi Touch Wi-Fi Smart Thermostat puts comfort control at your fingertips whether you are at home or on-the-go. Just a tap of the easy-to-use touchscreen display or free mobile app lets you remotely access, change or program your home temperatures – Anytime. Anywhere.|189.99|2
Facebook Portal Smart Video Calling 10”|Facebook Portal Smart Video Calling 10” Touch Screen Display with Alexa White|142.19|2